,,,,,,,,,,,,,,,,,,,,,,,,,,,"{x:27,y:58,'map_tile'{'name':CAVE}}","{x:28,y:58,'map_tile'{'name':CAVE}}","{x:29,y:58,'map_tile'{'name':CAVE}}",,,,,,,,,,,,,,,,,,,,,,,,,,,,,,,,,,,,,,,,,,
,,,,,,,,,,,,,,,,,,,,,,,,,,"{x:26,y:57,'map_tile'{'name':CAVE}}","{x:27,y:57,'map_tile'{'name':CAVE}}",,"{x:29,y:57,'map_tile'{'name':CAVE}}","{x:30,y:57,'map_tile'{'name':CAVE}}",,,"{x:33,y:57,'map_tile'{'name':CAVE}}","{x:34,y:57,'map_tile'{'name':CAVE}}","{x:35,y:57,'map_tile'{'name':CAVE}}",,,,,,,,,,,,,,,,,,,,,,,,,,,,,,,,,,,,
,,,,,,,,,,,,,,,,,,,,,,,"{x:23,y:56,'map_tile'{'name':CAVE}}","{x:24,y:56,'map_tile'{'name':CAVE}}","{x:25,y:56,'map_tile'{'name':CAVE}}","{x:26,y:56,'map_tile'{'name':CAVE}}",,,,"{x:30,y:56,'map_tile'{'name':CAVE}}",,"{x:32,y:56,'map_tile'{'name':CAVE}}","{x:33,y:56,'map_tile'{'name':CAVE}}",,"{x:35,y:56,'map_tile'{'name':CAVE}}","{x:36,y:56,'map_tile'{'name':CAVE}}","{x:37,y:56,'map_tile'{'name':CAVE}}","{x:38,y:56,'map_tile'{'name':CAVE}}",,,,,,,,,,,,,,,,,,,,,,,,,,,,,,,,,
,,,,,,,,,,,,,,,,,,,,,,,"{x:23,y:55,'map_tile'{'name':CAVE}}",,,"{x:26,y:55,'map_tile'{'name':CAVE}}","{x:27,y:55,'map_tile'{'name':CAVE}}",,"{x:29,y:55,'map_tile'{'name':CAVE}}","{x:30,y:55,'map_tile'{'name':CAVE}}","{x:31,y:55,'map_tile'{'name':CAVE}}","{x:32,y:55,'map_tile'{'name':CAVE}}",,,,,,"{x:38,y:55,'map_tile'{'name':CAVE}}","{x:39,y:55,'map_tile'{'name':CAVE}}",,,,,,,,,,,,,,,,,,,,,,,,,,,,,,,,
,,,,,,,,,,,,,,,,,,,,,,,"{x:23,y:54,'map_tile'{'name':CAVE}}",,,,"{x:27,y:54,'map_tile'{'name':CAVE}}",,"{x:29,y:54,'map_tile'{'name':CAVE}}",,"{x:31,y:54,'map_tile'{'name':CAVE}}",,,,"{x:35,y:54,'map_tile'{'name':CAVE}}","{x:36,y:54,'map_tile'{'name':CAVE}}","{x:37,y:54,'map_tile'{'name':CAVE}}",,"{x:39,y:54,'map_tile'{'name':CAVE}}",,,,,,,,,,,,,,,,,,,,,,,,,,,,,,,,
,,,,,,,,,,,,,,,,,,,,,,"{x:22,y:53,'map_tile'{'name':CAVE}}","{x:23,y:53,'map_tile'{'name':CAVE}}",,,"{x:26,y:53,'map_tile'{'name':CAVE}}","{x:27,y:53,'map_tile'{'name':CAVE}}","{x:28,y:53,'map_tile'{'name':CAVE}}","{x:29,y:53,'map_tile'{'name':CAVE}}",,"{x:31,y:53,'map_tile'{'name':CAVE}}",,,"{x:34,y:53,'map_tile'{'name':CAVE}}","{x:35,y:53,'map_tile'{'name':CAVE}}",,"{x:37,y:53,'map_tile'{'name':CAVE}}","{x:38,y:53,'map_tile'{'name':CAVE}}","{x:39,y:53,'map_tile'{'name':CAVE}}",,,,,,,,,,,,,,,,,,,,,,,,,,,,,,,,
,,,,,,,,,,,,,,,,,,,"{x:19,y:52,'map_tile'{'name':DUNGEON}}",,,,"{x:23,y:52,'map_tile'{'name':CAVE}}","{x:24,y:52,'map_tile'{'name':CAVE}}","{x:25,y:52,'map_tile'{'name':CAVE}}","{x:26,y:52,'map_tile'{'name':CAVE}}",,,"{x:29,y:52,'map_tile'{'name':CAVE}}",,"{x:31,y:52,'map_tile'{'name':CAVE}}",,"{x:33,y:52,'map_tile'{'name':CAVE}}","{x:34,y:52,'map_tile'{'name':CAVE}}",,,,,,,,,,,,,,,,,,,,,,,,,,,,,,,,,,,,,
,,,,,,,,,,,,,,,,,,,"{x:19,y:51,'map_tile'{'name':DUNGEON}}",,,,,"{x:24,y:51,'map_tile'{'name':CAVE}}",,"{x:26,y:51,'map_tile'{'name':CAVE}}","{x:27,y:51,'map_tile'{'name':CAVE}}",,"{x:29,y:51,'map_tile'{'name':CAVE}}","{x:30,y:51,'map_tile'{'name':CAVE}}","{x:31,y:51,'map_tile'{'name':CAVE}}","{x:32,y:51,'map_tile'{'name':CAVE}}","{x:33,y:51,'map_tile'{'name':CAVE}}",,,,,,,,,,,,,,,,,,,,,,,,,,,,,,,,,,,,,,
,,,,,,,,,,,,,,,,,,,"{x:19,y:50,'map_tile'{'name':DUNGEON}}",,,,,"{x:24,y:50,'map_tile'{'name':CAVE}}",,,"{x:27,y:50,'map_tile'{'name':CAVE}}",,,,,,,,,,,,,,,,,,,,,,,,,,,,,,,,,,,,,,,,,,,,
,,,,,,,,,,,,,,,,,,,"{x:19,y:49,'map_tile'{'name':DUNGEON}}",,,,"{x:23,y:49,'map_tile'{'name':DUNGEON}}","{x:24,y:49,'map_tile'{'name':DUNGEON}}","{x:25,y:49,'map_tile'{'name':DUNGEON}}","{x:26,y:49,'map_tile'{'name':DUNGEON}}","{x:27,y:49,'map_tile'{'name':DUNGEON}}","{x:28,y:49,'map_tile'{'name':DUNGEON}}","{x:29,y:49,'map_tile'{'name':DUNGEON}}","{x:30,y:49,'map_tile'{'name':DUNGEON}}","{x:31,y:49,'map_tile'{'name':DUNGEON}}","{x:32,y:49,'map_tile'{'name':DUNGEON}}","{x:33,y:49,'map_tile'{'name':DUNGEON}}","{x:34,y:49,'map_tile'{'name':DUNGEON}}","{x:35,y:49,'map_tile'{'name':DUNGEON}}",,,,,,,,,,,,,,,,,,,,,,,,,,,,,,,,,,,,
,,,,,,,,,,,,,,,,,,,"{x:19,y:48,'map_tile'{'name':DUNGEON}}",,,,"{x:23,y:48,'map_tile'{'name':DUNGEON}}","{x:24,y:48,'map_tile'{'name':DUNGEON}}","{x:25,y:48,'map_tile'{'name':DUNGEON}}","{x:26,y:48,'map_tile'{'name':DUNGEON}}","{x:27,y:48,'map_tile'{'name':DUNGEON}}","{x:28,y:48,'map_tile'{'name':DUNGEON}}","{x:29,y:48,'map_tile'{'name':DUNGEON}}","{x:30,y:48,'map_tile'{'name':DUNGEON}}","{x:31,y:48,'map_tile'{'name':DUNGEON}}","{x:32,y:48,'map_tile'{'name':DUNGEON}}","{x:33,y:48,'map_tile'{'name':DUNGEON}}","{x:34,y:48,'map_tile'{'name':DUNGEON}}","{x:35,y:48,'map_tile'{'name':DUNGEON}}",,,,,,,,,"{x:44,y:48,'map_tile'{'name':DUNGEON}}","{x:45,y:48,'map_tile'{'name':DUNGEON}}","{x:46,y:48,'map_tile'{'name':DUNGEON}}","{x:47,y:48,'map_tile'{'name':DUNGEON}}","{x:48,y:48,'map_tile'{'name':DUNGEON}}","{x:49,y:48,'map_tile'{'name':DUNGEON}}","{x:50,y:48,'map_tile'{'name':DUNGEON}}",,,,,,,,,,,,,,,,,,,,,
,,,,,,,,,,,,,,,,,,,"{x:19,y:47,'map_tile'{'name':DUNGEON}}",,,,"{x:23,y:47,'map_tile'{'name':DUNGEON}}","{x:24,y:47,'map_tile'{'name':DUNGEON}}","{x:25,y:47,'map_tile'{'name':DUNGEON}}","{x:26,y:47,'map_tile'{'name':DUNGEON}}","{x:27,y:47,'map_tile'{'name':DUNGEON}}","{x:28,y:47,'map_tile'{'name':DUNGEON}}","{x:29,y:47,'map_tile'{'name':DUNGEON}}","{x:30,y:47,'map_tile'{'name':DUNGEON}}","{x:31,y:47,'map_tile'{'name':DUNGEON}}","{x:32,y:47,'map_tile'{'name':DUNGEON}}","{x:33,y:47,'map_tile'{'name':DUNGEON}}","{x:34,y:47,'map_tile'{'name':DUNGEON}}","{x:35,y:47,'map_tile'{'name':DUNGEON}}",,,,,,,,,"{x:44,y:47,'map_tile'{'name':DUNGEON}}",,,,,,"{x:50,y:47,'map_tile'{'name':DUNGEON}}",,,,,,,,,,,,,,,,,,,,,
,,,,,,,,,,,,,,"{x:14,y:46,'map_tile'{'name':DUNGEON}}","{x:15,y:46,'map_tile'{'name':DUNGEON}}","{x:16,y:46,'map_tile'{'name':DUNGEON}}","{x:17,y:46,'map_tile'{'name':DUNGEON}}","{x:18,y:46,'map_tile'{'name':DUNGEON}}","{x:19,y:46,'map_tile'{'name':DUNGEON}}","{x:20,y:46,'map_tile'{'name':DUNGEON}}","{x:21,y:46,'map_tile'{'name':DUNGEON}}","{x:22,y:46,'map_tile'{'name':DUNGEON}}","{x:23,y:46,'map_tile'{'name':DUNGEON}}","{x:24,y:46,'map_tile'{'name':DUNGEON}}","{x:25,y:46,'map_tile'{'name':DUNGEON}}","{x:26,y:46,'map_tile'{'name':DUNGEON}}","{x:27,y:46,'map_tile'{'name':DUNGEON}}","{x:28,y:46,'map_tile'{'name':DUNGEON}}","{x:29,y:46,'map_tile'{'name':DUNGEON}}","{x:30,y:46,'map_tile'{'name':DUNGEON}}","{x:31,y:46,'map_tile'{'name':DUNGEON}}","{x:32,y:46,'map_tile'{'name':DUNGEON}}","{x:33,y:46,'map_tile'{'name':DUNGEON}}","{x:34,y:46,'map_tile'{'name':DUNGEON}}","{x:35,y:46,'map_tile'{'name':DUNGEON}}",,,,,,,,,"{x:44,y:46,'map_tile'{'name':DUNGEON}}",,,,,,"{x:50,y:46,'map_tile'{'name':DUNGEON}}",,,,,,,,,,,,,,,,,,,,,
,,,,,,,,,,,,,,,,,,,"{x:19,y:45,'map_tile'{'name':DUNGEON}}",,,,"{x:23,y:45,'map_tile'{'name':DUNGEON}}","{x:24,y:45,'map_tile'{'name':DUNGEON}}","{x:25,y:45,'map_tile'{'name':DUNGEON}}","{x:26,y:45,'map_tile'{'name':DUNGEON}}","{x:27,y:45,'map_tile'{'name':DUNGEON}}","{x:28,y:45,'map_tile'{'name':DUNGEON}}","{x:29,y:45,'map_tile'{'name':DUNGEON}}","{x:30,y:45,'map_tile'{'name':DUNGEON}}","{x:31,y:45,'map_tile'{'name':DUNGEON}}","{x:32,y:45,'map_tile'{'name':DUNGEON}}","{x:33,y:45,'map_tile'{'name':DUNGEON}}","{x:34,y:45,'map_tile'{'name':DUNGEON}}","{x:35,y:45,'map_tile'{'name':DUNGEON}}","{x:36,y:45,'map_tile'{'name':DUNGEON}}","{x:37,y:45,'map_tile'{'name':DUNGEON}}","{x:38,y:45,'map_tile'{'name':DUNGEON}}","{x:39,y:45,'map_tile'{'name':DUNGEON}}","{x:40,y:45,'map_tile'{'name':DUNGEON}}","{x:41,y:45,'map_tile'{'name':DUNGEON}}","{x:42,y:45,'map_tile'{'name':DUNGEON}}","{x:43,y:45,'map_tile'{'name':DUNGEON}}","{x:44,y:45,'map_tile'{'name':DUNGEON}}",,,,"{x:48,y:45,'map_tile'{'name':DUNGEON}}","{x:49,y:45,'map_tile'{'name':DUNGEON}}","{x:50,y:45,'map_tile'{'name':DUNGEON}}","{x:51,y:45,'map_tile'{'name':DUNGEON}}","{x:52,y:45,'map_tile'{'name':DUNGEON}}","{x:53,y:45,'map_tile'{'name':DUNGEON}}","{x:54,y:45,'map_tile'{'name':DUNGEON}}","{x:55,y:45,'map_tile'{'name':DUNGEON}}","{x:56,y:45,'map_tile'{'name':}}",,,,,,,,,,,,,,,
,,,,,,,,,,,,,,,,,,,"{x:19,y:44,'map_tile'{'name':DUNGEON}}",,,,"{x:23,y:44,'map_tile'{'name':DUNGEON}}","{x:24,y:44,'map_tile'{'name':DUNGEON}}","{x:25,y:44,'map_tile'{'name':DUNGEON}}","{x:26,y:44,'map_tile'{'name':DUNGEON}}","{x:27,y:44,'map_tile'{'name':DUNGEON}}","{x:28,y:44,'map_tile'{'name':DUNGEON}}","{x:29,y:44,'map_tile'{'name':DUNGEON}}","{x:30,y:44,'map_tile'{'name':DUNGEON}}","{x:31,y:44,'map_tile'{'name':DUNGEON}}","{x:32,y:44,'map_tile'{'name':DUNGEON}}","{x:33,y:44,'map_tile'{'name':DUNGEON}}","{x:34,y:44,'map_tile'{'name':DUNGEON}}","{x:35,y:44,'map_tile'{'name':DUNGEON}}",,,,,,,,,"{x:44,y:44,'map_tile'{'name':DUNGEON}}",,,,"{x:48,y:44,'map_tile'{'name':DUNGEON}}","{x:49,y:44,'map_tile'{'name':DUNGEON}}","{x:50,y:44,'map_tile'{'name':DUNGEON}}","{x:51,y:44,'map_tile'{'name':DUNGEON}}","{x:52,y:44,'map_tile'{'name':DUNGEON}}","{x:53,y:44,'map_tile'{'name':DUNGEON}}","{x:54,y:44,'map_tile'{'name':DUNGEON}}","{x:55,y:44,'map_tile'{'name':DUNGEON}}",,,,,,,,,,,,,,,,
,,,,,,,,,,,,,,,,,,,"{x:19,y:43,'map_tile'{'name':DUNGEON}}",,,,"{x:23,y:43,'map_tile'{'name':DUNGEON}}","{x:24,y:43,'map_tile'{'name':DUNGEON}}","{x:25,y:43,'map_tile'{'name':DUNGEON}}","{x:26,y:43,'map_tile'{'name':DUNGEON}}","{x:27,y:43,'map_tile'{'name':DUNGEON}}","{x:28,y:43,'map_tile'{'name':DUNGEON}}","{x:29,y:43,'map_tile'{'name':DUNGEON}}","{x:30,y:43,'map_tile'{'name':DUNGEON}}","{x:31,y:43,'map_tile'{'name':DUNGEON}}","{x:32,y:43,'map_tile'{'name':DUNGEON}}","{x:33,y:43,'map_tile'{'name':DUNGEON}}","{x:34,y:43,'map_tile'{'name':DUNGEON}}","{x:35,y:43,'map_tile'{'name':DUNGEON}}",,,,,,,,,"{x:44,y:43,'map_tile'{'name':DUNGEON}}",,,,"{x:48,y:43,'map_tile'{'name':DUNGEON}}","{x:49,y:43,'map_tile'{'name':DUNGEON}}","{x:50,y:43,'map_tile'{'name':DUNGEON}}","{x:51,y:43,'map_tile'{'name':DUNGEON}}","{x:52,y:43,'map_tile'{'name':DUNGEON}}","{x:53,y:43,'map_tile'{'name':DUNGEON}}","{x:54,y:43,'map_tile'{'name':DUNGEON}}","{x:55,y:43,'map_tile'{'name':DUNGEON}}",,,,,,,,,,,,,,,,
,,,,,,,,,,,,,,,,,,,"{x:19,y:42,'map_tile'{'name':DUNGEON}}",,,,,,,,,,,,,,,,,,,,,,,,,"{x:44,y:42,'map_tile'{'name':DUNGEON}}",,,,"{x:48,y:42,'map_tile'{'name':DUNGEON}}","{x:49,y:42,'map_tile'{'name':DUNGEON}}","{x:50,y:42,'map_tile'{'name':DUNGEON}}","{x:51,y:42,'map_tile'{'name':DUNGEON}}","{x:52,y:42,'map_tile'{'name':DUNGEON}}","{x:53,y:42,'map_tile'{'name':DUNGEON}}","{x:54,y:42,'map_tile'{'name':DUNGEON}}","{x:55,y:42,'map_tile'{'name':DUNGEON}}",,,,,,,,,,,,,,,,
,,,,,,,,,,,,,,,,,,,"{x:19,y:41,'map_tile'{'name':DUNGEON}}",,,,"{x:23,y:41,'map_tile'{'name':DUNGEON}}","{x:24,y:41,'map_tile'{'name':DUNGEON}}","{x:25,y:41,'map_tile'{'name':DUNGEON}}","{x:26,y:41,'map_tile'{'name':DUNGEON}}","{x:27,y:41,'map_tile'{'name':DUNGEON}}","{x:28,y:41,'map_tile'{'name':DUNGEON}}","{x:29,y:41,'map_tile'{'name':DUNGEON}}","{x:30,y:41,'map_tile'{'name':DUNGEON}}","{x:31,y:41,'map_tile'{'name':DUNGEON}}","{x:32,y:41,'map_tile'{'name':DUNGEON}}","{x:33,y:41,'map_tile'{'name':DUNGEON}}","{x:34,y:41,'map_tile'{'name':DUNGEON}}","{x:35,y:41,'map_tile'{'name':DUNGEON}}",,,,,,,,,"{x:44,y:41,'map_tile'{'name':DUNGEON}}","{x:45,y:41,'map_tile'{'name':DUNGEON}}","{x:46,y:41,'map_tile'{'name':DUNGEON}}","{x:47,y:41,'map_tile'{'name':DUNGEON}}","{x:48,y:41,'map_tile'{'name':DUNGEON}}","{x:49,y:41,'map_tile'{'name':DUNGEON}}","{x:50,y:41,'map_tile'{'name':DUNGEON}}","{x:51,y:41,'map_tile'{'name':DUNGEON}}","{x:52,y:41,'map_tile'{'name':DUNGEON}}","{x:53,y:41,'map_tile'{'name':DUNGEON}}","{x:54,y:41,'map_tile'{'name':DUNGEON}}","{x:55,y:41,'map_tile'{'name':DUNGEON}}",,,,,,,,,,,,,,,,
,,,,,,,,,,,,,,,,,,,"{x:19,y:40,'map_tile'{'name':DUNGEON}}",,,,"{x:23,y:40,'map_tile'{'name':DUNGEON}}","{x:24,y:40,'map_tile'{'name':DUNGEON}}","{x:25,y:40,'map_tile'{'name':DUNGEON}}","{x:26,y:40,'map_tile'{'name':DUNGEON}}","{x:27,y:40,'map_tile'{'name':DUNGEON}}","{x:28,y:40,'map_tile'{'name':DUNGEON}}","{x:29,y:40,'map_tile'{'name':DUNGEON}}","{x:30,y:40,'map_tile'{'name':DUNGEON}}","{x:31,y:40,'map_tile'{'name':DUNGEON}}","{x:32,y:40,'map_tile'{'name':DUNGEON}}","{x:33,y:40,'map_tile'{'name':DUNGEON}}","{x:34,y:40,'map_tile'{'name':DUNGEON}}","{x:35,y:40,'map_tile'{'name':DUNGEON}}",,,,,,,,,"{x:44,y:40,'map_tile'{'name':DUNGEON}}",,,,,,,,,,"{x:54,y:40,'map_tile'{'name':DUNGEON}}",,,,,,,,,,,,,,,,,
,,,,,,,,,,,,,,,,,,,"{x:19,y:39,'map_tile'{'name':DUNGEON}}",,,,"{x:23,y:39,'map_tile'{'name':DUNGEON}}","{x:24,y:39,'map_tile'{'name':DUNGEON}}","{x:25,y:39,'map_tile'{'name':DUNGEON}}","{x:26,y:39,'map_tile'{'name':DUNGEON}}","{x:27,y:39,'map_tile'{'name':DUNGEON}}","{x:28,y:39,'map_tile'{'name':DUNGEON}}","{x:29,y:39,'map_tile'{'name':DUNGEON}}","{x:30,y:39,'map_tile'{'name':DUNGEON}}","{x:31,y:39,'map_tile'{'name':DUNGEON}}","{x:32,y:39,'map_tile'{'name':DUNGEON}}","{x:33,y:39,'map_tile'{'name':DUNGEON}}","{x:34,y:39,'map_tile'{'name':DUNGEON}}","{x:35,y:39,'map_tile'{'name':DUNGEON}}",,"{x:37,y:39,'map_tile'{'name':DUNGEON}}","{x:38,y:39,'map_tile'{'name':DUNGEON}}",,,,,,"{x:44,y:39,'map_tile'{'name':DUNGEON}}",,,,,,,,,,"{x:54,y:39,'map_tile'{'name':DUNGEON}}",,,,,,,,,,,,,,,,,
,,,,,,,,,,,,,,,,"{x:16,y:38,'map_tile'{'name':DUNGEON}}","{x:17,y:38,'map_tile'{'name':DUNGEON}}","{x:18,y:38,'map_tile'{'name':DUNGEON}}","{x:19,y:38,'map_tile'{'name':DUNGEON}}","{x:20,y:38,'map_tile'{'name':DUNGEON}}",,,"{x:23,y:38,'map_tile'{'name':DUNGEON}}","{x:24,y:38,'map_tile'{'name':DUNGEON}}","{x:25,y:38,'map_tile'{'name':DUNGEON}}","{x:26,y:38,'map_tile'{'name':DUNGEON}}","{x:27,y:38,'map_tile'{'name':DUNGEON}}","{x:28,y:38,'map_tile'{'name':DUNGEON}}","{x:29,y:38,'map_tile'{'name':DUNGEON}}","{x:30,y:38,'map_tile'{'name':DUNGEON}}","{x:31,y:38,'map_tile'{'name':DUNGEON}}","{x:32,y:38,'map_tile'{'name':DUNGEON}}","{x:33,y:38,'map_tile'{'name':DUNGEON}}","{x:34,y:38,'map_tile'{'name':DUNGEON}}","{x:35,y:38,'map_tile'{'name':DUNGEON}}",,"{x:37,y:38,'map_tile'{'name':DUNGEON}}","{x:38,y:38,'map_tile'{'name':DUNGEON}}",,,,,,"{x:44,y:38,'map_tile'{'name':DUNGEON}}",,,,,,,,,,"{x:54,y:38,'map_tile'{'name':DUNGEON}}",,,,,,,,,,,,,,,,,
,,,,,,,,,,,,,,"{x:14,y:37,'map_tile'{'name':DUNGEON}}","{x:15,y:37,'map_tile'{'name':DUNGEON}}","{x:16,y:37,'map_tile'{'name':DUNGEON}}","{x:17,y:37,'map_tile'{'name':DUNGEON}}","{x:18,y:37,'map_tile'{'name':DUNGEON}}","{x:19,y:37,'map_tile'{'name':DUNGEON}}","{x:20,y:37,'map_tile'{'name':DUNGEON}}",,,"{x:23,y:37,'map_tile'{'name':DUNGEON}}","{x:24,y:37,'map_tile'{'name':DUNGEON}}","{x:25,y:37,'map_tile'{'name':DUNGEON}}","{x:26,y:37,'map_tile'{'name':DUNGEON}}","{x:27,y:37,'map_tile'{'name':DUNGEON}}","{x:28,y:37,'map_tile'{'name':DUNGEON}}","{x:29,y:37,'map_tile'{'name':DUNGEON}}","{x:30,y:37,'map_tile'{'name':DUNGEON}}","{x:31,y:37,'map_tile'{'name':DUNGEON}}","{x:32,y:37,'map_tile'{'name':DUNGEON}}","{x:33,y:37,'map_tile'{'name':DUNGEON}}","{x:34,y:37,'map_tile'{'name':DUNGEON}}","{x:35,y:37,'map_tile'{'name':DUNGEON}}","{x:36,y:37,'map_tile'{'name':DUNGEON}}","{x:37,y:37,'map_tile'{'name':DUNGEON}}","{x:38,y:37,'map_tile'{'name':DUNGEON}}","{x:39,y:37,'map_tile'{'name':DUNGEON}}","{x:40,y:37,'map_tile'{'name':DUNGEON}}","{x:41,y:37,'map_tile'{'name':DUNGEON}}","{x:42,y:37,'map_tile'{'name':DUNGEON}}","{x:43,y:37,'map_tile'{'name':DUNGEON}}","{x:44,y:37,'map_tile'{'name':DUNGEON}}","{x:45,y:37,'map_tile'{'name':DUNGEON}}","{x:46,y:37,'map_tile'{'name':DUNGEON}}","{x:47,y:37,'map_tile'{'name':STAIRS}}",,,,,,,"{x:54,y:37,'map_tile'{'name':DUNGEON}}",,,,,,,,,,,,,,,,,
,,,,,,,,,,,,,,"{x:14,y:36,'map_tile'{'name':DUNGEON}}",,"{x:16,y:36,'map_tile'{'name':DUNGEON}}","{x:17,y:36,'map_tile'{'name':DUNGEON}}","{x:18,y:36,'map_tile'{'name':DUNGEON}}","{x:19,y:36,'map_tile'{'name':DUNGEON}}","{x:20,y:36,'map_tile'{'name':DUNGEON}}","{x:21,y:36,'map_tile'{'name':DUNGEON}}","{x:22,y:36,'map_tile'{'name':DUNGEON}}","{x:23,y:36,'map_tile'{'name':DUNGEON}}","{x:24,y:36,'map_tile'{'name':DUNGEON}}","{x:25,y:36,'map_tile'{'name':DUNGEON}}","{x:26,y:36,'map_tile'{'name':DUNGEON}}","{x:27,y:36,'map_tile'{'name':DUNGEON}}","{x:28,y:36,'map_tile'{'name':DUNGEON}}","{x:29,y:36,'map_tile'{'name':DUNGEON}}","{x:30,y:36,'map_tile'{'name':DUNGEON}}","{x:31,y:36,'map_tile'{'name':DUNGEON}}","{x:32,y:36,'map_tile'{'name':DUNGEON}}","{x:33,y:36,'map_tile'{'name':DUNGEON}}","{x:34,y:36,'map_tile'{'name':DUNGEON}}","{x:35,y:36,'map_tile'{'name':DUNGEON}}",,"{x:37,y:36,'map_tile'{'name':DUNGEON}}","{x:38,y:36,'map_tile'{'name':DUNGEON}}",,,,,,"{x:44,y:36,'map_tile'{'name':DUNGEON}}",,,,,,,,,,"{x:54,y:36,'map_tile'{'name':DUNGEON}}",,,,,,,,,,,,,,,,,
,,,,,,,,,,,,,,"{x:14,y:35,'map_tile'{'name':DUNGEON}}",,"{x:16,y:35,'map_tile'{'name':DUNGEON}}","{x:17,y:35,'map_tile'{'name':DUNGEON}}","{x:18,y:35,'map_tile'{'name':DUNGEON}}","{x:19,y:35,'map_tile'{'name':DUNGEON}}","{x:20,y:35,'map_tile'{'name':DUNGEON}}",,,"{x:23,y:35,'map_tile'{'name':DUNGEON}}","{x:24,y:35,'map_tile'{'name':DUNGEON}}","{x:25,y:35,'map_tile'{'name':DUNGEON}}","{x:26,y:35,'map_tile'{'name':DUNGEON}}","{x:27,y:35,'map_tile'{'name':DUNGEON}}","{x:28,y:35,'map_tile'{'name':DUNGEON}}","{x:29,y:35,'map_tile'{'name':DUNGEON}}","{x:30,y:35,'map_tile'{'name':DUNGEON}}","{x:31,y:35,'map_tile'{'name':DUNGEON}}","{x:32,y:35,'map_tile'{'name':DUNGEON}}","{x:33,y:35,'map_tile'{'name':DUNGEON}}","{x:34,y:35,'map_tile'{'name':DUNGEON}}","{x:35,y:35,'map_tile'{'name':DUNGEON}}",,"{x:37,y:35,'map_tile'{'name':DUNGEON}}","{x:38,y:35,'map_tile'{'name':DUNGEON}}",,,,,,"{x:44,y:35,'map_tile'{'name':DUNGEON}}",,,,,,,,,,"{x:54,y:35,'map_tile'{'name':DUNGEON}}",,,,,,,,,,,,,,,,,
,,,,,,,,,,,,,,"{x:14,y:34,'map_tile'{'name':DUNGEON}}",,"{x:16,y:34,'map_tile'{'name':DUNGEON}}","{x:17,y:34,'map_tile'{'name':DUNGEON}}","{x:18,y:34,'map_tile'{'name':DUNGEON}}","{x:19,y:34,'map_tile'{'name':DUNGEON}}","{x:20,y:34,'map_tile'{'name':DUNGEON}}",,,"{x:23,y:34,'map_tile'{'name':DUNGEON}}","{x:24,y:34,'map_tile'{'name':DUNGEON}}","{x:25,y:34,'map_tile'{'name':DUNGEON}}","{x:26,y:34,'map_tile'{'name':DUNGEON}}","{x:27,y:34,'map_tile'{'name':DUNGEON}}","{x:28,y:34,'map_tile'{'name':DUNGEON}}","{x:29,y:34,'map_tile'{'name':DUNGEON}}","{x:30,y:34,'map_tile'{'name':DUNGEON}}","{x:31,y:34,'map_tile'{'name':DUNGEON}}","{x:32,y:34,'map_tile'{'name':DUNGEON}}","{x:33,y:34,'map_tile'{'name':DUNGEON}}","{x:34,y:34,'map_tile'{'name':DUNGEON}}","{x:35,y:34,'map_tile'{'name':DUNGEON}}",,,,,,,,,"{x:44,y:34,'map_tile'{'name':DUNGEON}}",,,,,,,,"{x:52,y:34,'map_tile'{'name':DUNGEON}}","{x:53,y:34,'map_tile'{'name':DUNGEON}}","{x:54,y:34,'map_tile'{'name':DUNGEON}}","{x:55,y:34,'map_tile'{'name':DUNGEON}}",,,,,,,,,,,,,,,,
,,,,,,,,,,,,,,"{x:14,y:33,'map_tile'{'name':DUNGEON}}",,"{x:16,y:33,'map_tile'{'name':DUNGEON}}","{x:17,y:33,'map_tile'{'name':DUNGEON}}","{x:18,y:33,'map_tile'{'name':DUNGEON}}","{x:19,y:33,'map_tile'{'name':DUNGEON}}","{x:20,y:33,'map_tile'{'name':DUNGEON}}",,,"{x:23,y:33,'map_tile'{'name':DUNGEON}}","{x:24,y:33,'map_tile'{'name':DUNGEON}}","{x:25,y:33,'map_tile'{'name':DUNGEON}}","{x:26,y:33,'map_tile'{'name':DUNGEON}}","{x:27,y:33,'map_tile'{'name':DUNGEON}}","{x:28,y:33,'map_tile'{'name':DUNGEON}}","{x:29,y:33,'map_tile'{'name':DUNGEON}}","{x:30,y:33,'map_tile'{'name':DUNGEON}}","{x:31,y:33,'map_tile'{'name':DUNGEON}}","{x:32,y:33,'map_tile'{'name':DUNGEON}}","{x:33,y:33,'map_tile'{'name':DUNGEON}}","{x:34,y:33,'map_tile'{'name':DUNGEON}}","{x:35,y:33,'map_tile'{'name':DUNGEON}}",,,,,,,,,"{x:44,y:33,'map_tile'{'name':DUNGEON}}",,,,,,,,"{x:52,y:33,'map_tile'{'name':DUNGEON}}","{x:53,y:33,'map_tile'{'name':DUNGEON}}","{x:54,y:33,'map_tile'{'name':DUNGEON}}","{x:55,y:33,'map_tile'{'name':DUNGEON}}",,,,,,,,,,,,,,,,
,,,,,,,,,,,,,,"{x:14,y:32,'map_tile'{'name':DUNGEON}}",,,,"{x:18,y:32,'map_tile'{'name':DUNGEON}}",,,,,"{x:23,y:32,'map_tile'{'name':DUNGEON}}","{x:24,y:32,'map_tile'{'name':DUNGEON}}","{x:25,y:32,'map_tile'{'name':DUNGEON}}","{x:26,y:32,'map_tile'{'name':DUNGEON}}","{x:27,y:32,'map_tile'{'name':DUNGEON}}","{x:28,y:32,'map_tile'{'name':DUNGEON}}","{x:29,y:32,'map_tile'{'name':DUNGEON}}","{x:30,y:32,'map_tile'{'name':DUNGEON}}","{x:31,y:32,'map_tile'{'name':DUNGEON}}","{x:32,y:32,'map_tile'{'name':DUNGEON}}","{x:33,y:32,'map_tile'{'name':DUNGEON}}","{x:34,y:32,'map_tile'{'name':DUNGEON}}","{x:35,y:32,'map_tile'{'name':DUNGEON}}",,,,,,,"{x:42,y:32,'map_tile'{'name':DUNGEON}}","{x:43,y:32,'map_tile'{'name':DUNGEON}}","{x:44,y:32,'map_tile'{'name':DUNGEON}}","{x:45,y:32,'map_tile'{'name':DUNGEON}}","{x:46,y:32,'map_tile'{'name':DUNGEON}}","{x:47,y:32,'map_tile'{'name':DUNGEON}}","{x:48,y:32,'map_tile'{'name':DUNGEON}}",,,,"{x:52,y:32,'map_tile'{'name':DUNGEON}}","{x:53,y:32,'map_tile'{'name':DUNGEON}}","{x:54,y:32,'map_tile'{'name':DUNGEON}}","{x:55,y:32,'map_tile'{'name':DUNGEON}}",,,,,,,,,,,,,,,,
,,,,,,,,,"{x:9,y:31,'map_tile'{'name':CAVE}}","{x:10,y:31,'map_tile'{'name':CAVE}}","{x:11,y:31,'map_tile'{'name':CAVE}}","{x:12,y:31,'map_tile'{'name':CAVE}}","{x:13,y:31,'map_tile'{'name':DUNGEON}}","{x:14,y:31,'map_tile'{'name':DUNGEON}}",,,"{x:17,y:31,'map_tile'{'name':DUNGEON}}","{x:18,y:31,'map_tile'{'name':DUNGEON}}","{x:19,y:31,'map_tile'{'name':DUNGEON}}","{x:20,y:31,'map_tile'{'name':DUNGEON}}",,,,,,,,,"{x:29,y:31,'map_tile'{'name':DUNGEON}}",,,,,,,,,,,,,,"{x:43,y:31,'map_tile'{'name':DUNGEON}}","{x:44,y:31,'map_tile'{'name':DUNGEON}}","{x:45,y:31,'map_tile'{'name':DUNGEON}}","{x:46,y:31,'map_tile'{'name':DUNGEON}}","{x:47,y:31,'map_tile'{'name':DUNGEON}}",,,,,,,"{x:54,y:31,'map_tile'{'name':DUNGEON}}",,,,,,,,,,,,,,,,,
,,,,,,,,"{x:8,y:30,'map_tile'{'name':CAVE}}","{x:9,y:30,'map_tile'{'name':CAVE}}",,,,"{x:13,y:30,'map_tile'{'name':DUNGEON}}",,,,"{x:17,y:30,'map_tile'{'name':DUNGEON}}","{x:18,y:30,'map_tile'{'name':DUNGEON}}","{x:19,y:30,'map_tile'{'name':DUNGEON}}","{x:20,y:30,'map_tile'{'name':DUNGEON}}",,,,,,,,,"{x:29,y:30,'map_tile'{'name':DUNGEON}}",,,,,,,,,,,,,,"{x:43,y:30,'map_tile'{'name':DUNGEON}}","{x:44,y:30,'map_tile'{'name':DUNGEON}}","{x:45,y:30,'map_tile'{'name':DUNGEON}}","{x:46,y:30,'map_tile'{'name':DUNGEON}}","{x:47,y:30,'map_tile'{'name':DUNGEON}}",,,,,,,"{x:54,y:30,'map_tile'{'name':DUNGEON}}",,,,,,,,,,,,,,,,,
,,,,,,,"{x:7,y:29,'map_tile'{'name':CAVE}}","{x:8,y:29,'map_tile'{'name':CAVE}}",,,,,"{x:13,y:29,'map_tile'{'name':DUNGEON}}",,,,"{x:17,y:29,'map_tile'{'name':DUNGEON}}","{x:18,y:29,'map_tile'{'name':DUNGEON}}","{x:19,y:29,'map_tile'{'name':DUNGEON}}","{x:20,y:29,'map_tile'{'name':DUNGEON}}",,,,,,,,,"{x:29,y:29,'map_tile'{'name':DUNGEON}}",,,,,,,,,,,,,"{x:42,y:29,'map_tile'{'name':DUNGEON}}","{x:43,y:29,'map_tile'{'name':DUNGEON}}","{x:44,y:29,'map_tile'{'name':DUNGEON}}","{x:45,y:29,'map_tile'{'name':DUNGEON}}","{x:46,y:29,'map_tile'{'name':DUNGEON}}","{x:47,y:29,'map_tile'{'name':DUNGEON}}","{x:48,y:29,'map_tile'{'name':DUNGEON}}",,,,,,"{x:54,y:29,'map_tile'{'name':DUNGEON}}",,,,,,,,,,,,,,,,,
,,,,,,"{x:6,y:28,'map_tile'{'name':CAVE}}","{x:7,y:28,'map_tile'{'name':CAVE}}",,,,,"{x:12,y:28,'map_tile'{'name':DUNGEON}}","{x:13,y:28,'map_tile'{'name':DUNGEON}}","{x:14,y:28,'map_tile'{'name':DUNGEON}}","{x:15,y:28,'map_tile'{'name':DUNGEON}}",,"{x:17,y:28,'map_tile'{'name':DUNGEON}}","{x:18,y:28,'map_tile'{'name':DUNGEON}}","{x:19,y:28,'map_tile'{'name':DUNGEON}}","{x:20,y:28,'map_tile'{'name':DUNGEON}}","{x:21,y:28,'map_tile'{'name':DUNGEON}}",,,,,,,,"{x:29,y:28,'map_tile'{'name':DUNGEON}}",,,,,,,,,,,,,,"{x:43,y:28,'map_tile'{'name':DUNGEON}}","{x:44,y:28,'map_tile'{'name':DUNGEON}}","{x:45,y:28,'map_tile'{'name':DUNGEON}}","{x:46,y:28,'map_tile'{'name':DUNGEON}}","{x:47,y:28,'map_tile'{'name':DUNGEON}}",,,,,,,"{x:54,y:28,'map_tile'{'name':DUNGEON}}",,,,,,,,,,,,,,,,,
,,,,,"{x:5,y:27,'map_tile'{'name':CAVE}}","{x:6,y:27,'map_tile'{'name':CAVE}}",,,,,,"{x:12,y:27,'map_tile'{'name':DUNGEON}}","{x:13,y:27,'map_tile'{'name':DUNGEON}}","{x:14,y:27,'map_tile'{'name':DUNGEON}}","{x:15,y:27,'map_tile'{'name':DUNGEON}}",,"{x:17,y:27,'map_tile'{'name':DUNGEON}}","{x:18,y:27,'map_tile'{'name':DUNGEON}}","{x:19,y:27,'map_tile'{'name':DUNGEON}}","{x:20,y:27,'map_tile'{'name':DUNGEON}}","{x:21,y:27,'map_tile'{'name':DUNGEON}}",,,,,,,,"{x:29,y:27,'map_tile'{'name':DUNGEON}}",,,,,,,,,,,,,,,,,"{x:46,y:27,'map_tile'{'name':DUNGEON}}",,,,,,,,"{x:54,y:27,'map_tile'{'name':DUNGEON}}",,,,,,,,,,,,,,,,,
"{x:0,y:26,'map_tile'{'name':WATER}}","{x:1,y:26,'map_tile'{'name':WATER}}","{x:2,y:26,'map_tile'{'name':CAVE}}",,,"{x:5,y:26,'map_tile'{'name':CAVE}}",,,,,,,"{x:12,y:26,'map_tile'{'name':DUNGEON}}","{x:13,y:26,'map_tile'{'name':DUNGEON}}","{x:14,y:26,'map_tile'{'name':DUNGEON}}","{x:15,y:26,'map_tile'{'name':DUNGEON}}",,"{x:17,y:26,'map_tile'{'name':DUNGEON}}","{x:18,y:26,'map_tile'{'name':DUNGEON}}","{x:19,y:26,'map_tile'{'name':DUNGEON}}","{x:20,y:26,'map_tile'{'name':DUNGEON}}","{x:21,y:26,'map_tile'{'name':DUNGEON}}",,,,,"{x:26,y:26,'map_tile'{'name':DUNGEON}}","{x:27,y:26,'map_tile'{'name':DUNGEON}}","{x:28,y:26,'map_tile'{'name':DUNGEON}}","{x:29,y:26,'map_tile'{'name':DUNGEON}}","{x:30,y:26,'map_tile'{'name':DUNGEON}}","{x:31,y:26,'map_tile'{'name':DUNGEON}}","{x:32,y:26,'map_tile'{'name':DUNGEON}}",,,,,"{x:37,y:26,'map_tile'{'name':DUNGEON}}","{x:38,y:26,'map_tile'{'name':DUNGEON}}","{x:39,y:26,'map_tile'{'name':DUNGEON}}",,,,,"{x:44,y:26,'map_tile'{'name':DUNGEON}}","{x:45,y:26,'map_tile'{'name':DUNGEON}}","{x:46,y:26,'map_tile'{'name':DUNGEON}}","{x:47,y:26,'map_tile'{'name':DUNGEON}}",,"{x:49,y:26,'map_tile'{'name':DUNGEON}}","{x:50,y:26,'map_tile'{'name':DUNGEON}}","{x:51,y:26,'map_tile'{'name':DUNGEON}}",,,"{x:54,y:26,'map_tile'{'name':DUNGEON}}",,,,,,,,,,,,,,,,,
"{x:0,y:25,'map_tile'{'name':WATER}}","{x:1,y:25,'map_tile'{'name':WATER}}","{x:2,y:25,'map_tile'{'name':CAVE}}","{x:3,y:25,'map_tile'{'name':CAVE}}","{x:4,y:25,'map_tile'{'name':CAVE}}","{x:5,y:25,'map_tile'{'name':CAVE}}",,,,,,,,,"{x:14,y:25,'map_tile'{'name':DUNGEON}}",,,,,,,,,,,,"{x:26,y:25,'map_tile'{'name':DUNGEON}}","{x:27,y:25,'map_tile'{'name':DUNGEON}}","{x:28,y:25,'map_tile'{'name':DUNGEON}}","{x:29,y:25,'map_tile'{'name':DUNGEON}}","{x:30,y:25,'map_tile'{'name':DUNGEON}}","{x:31,y:25,'map_tile'{'name':DUNGEON}}","{x:32,y:25,'map_tile'{'name':DUNGEON}}",,,,,,"{x:38,y:25,'map_tile'{'name':DUNGEON}}",,,,,,"{x:44,y:25,'map_tile'{'name':DUNGEON}}","{x:45,y:25,'map_tile'{'name':DUNGEON}}","{x:46,y:25,'map_tile'{'name':DUNGEON}}","{x:47,y:25,'map_tile'{'name':DUNGEON}}",,"{x:49,y:25,'map_tile'{'name':DUNGEON}}","{x:50,y:25,'map_tile'{'name':DUNGEON}}","{x:51,y:25,'map_tile'{'name':DUNGEON}}",,,"{x:54,y:25,'map_tile'{'name':DUNGEON}}",,,,,,,,,,,,,,,,,
"{x:0,y:24,'map_tile'{'name':WATER}}","{x:1,y:24,'map_tile'{'name':WATER}}","{x:2,y:24,'map_tile'{'name':CAVE}}","{x:3,y:24,'map_tile'{'name':CAVE}}","{x:4,y:24,'map_tile'{'name':CAVE}}","{x:5,y:24,'map_tile'{'name':CAVE}}",,,,,,,,,"{x:14,y:24,'map_tile'{'name':DUNGEON}}",,,,,,,,,,,,"{x:26,y:24,'map_tile'{'name':DUNGEON}}","{x:27,y:24,'map_tile'{'name':DUNGEON}}","{x:28,y:24,'map_tile'{'name':DUNGEON}}","{x:29,y:24,'map_tile'{'name':DUNGEON}}","{x:30,y:24,'map_tile'{'name':DUNGEON}}","{x:31,y:24,'map_tile'{'name':DUNGEON}}","{x:32,y:24,'map_tile'{'name':DUNGEON}}","{x:33,y:24,'map_tile'{'name':DUNGEON}}","{x:34,y:24,'map_tile'{'name':DUNGEON}}","{x:35,y:24,'map_tile'{'name':DUNGEON}}","{x:36,y:24,'map_tile'{'name':DUNGEON}}","{x:37,y:24,'map_tile'{'name':DUNGEON}}","{x:38,y:24,'map_tile'{'name':DUNGEON}}","{x:39,y:24,'map_tile'{'name':DUNGEON}}","{x:40,y:24,'map_tile'{'name':DUNGEON}}","{x:41,y:24,'map_tile'{'name':DUNGEON}}","{x:42,y:24,'map_tile'{'name':DUNGEON}}","{x:43,y:24,'map_tile'{'name':DUNGEON}}","{x:44,y:24,'map_tile'{'name':DUNGEON}}","{x:45,y:24,'map_tile'{'name':DUNGEON}}","{x:46,y:24,'map_tile'{'name':DUNGEON}}","{x:47,y:24,'map_tile'{'name':DUNGEON}}","{x:48,y:24,'map_tile'{'name':DUNGEON}}","{x:49,y:24,'map_tile'{'name':DUNGEON}}","{x:50,y:24,'map_tile'{'name':DUNGEON}}","{x:51,y:24,'map_tile'{'name':DUNGEON}}","{x:52,y:24,'map_tile'{'name':DUNGEON}}","{x:53,y:24,'map_tile'{'name':DUNGEON}}","{x:54,y:24,'map_tile'{'name':DUNGEON}}",,,,,,,,,,,,,,,,,
"{x:0,y:23,'map_tile'{'name':WATER}}","{x:1,y:23,'map_tile'{'name':WATER}}","{x:2,y:23,'map_tile'{'name':WATER}}","{x:3,y:23,'map_tile'{'name':CAVE}}","{x:4,y:23,'map_tile'{'name':CAVE}}","{x:5,y:23,'map_tile'{'name':CAVE}}",,,,,,,,,"{x:14,y:23,'map_tile'{'name':DUNGEON}}","{x:15,y:23,'map_tile'{'name':DUNGEON}}","{x:16,y:23,'map_tile'{'name':DUNGEON}}","{x:17,y:23,'map_tile'{'name':DUNGEON}}","{x:18,y:23,'map_tile'{'name':DUNGEON}}","{x:19,y:23,'map_tile'{'name':DUNGEON}}","{x:20,y:23,'map_tile'{'name':DUNGEON}}","{x:21,y:23,'map_tile'{'name':DUNGEON}}","{x:22,y:23,'map_tile'{'name':DUNGEON}}","{x:23,y:23,'map_tile'{'name':DUNGEON}}","{x:24,y:23,'map_tile'{'name':DUNGEON}}","{x:25,y:23,'map_tile'{'name':DUNGEON}}","{x:26,y:23,'map_tile'{'name':DUNGEON}}","{x:27,y:23,'map_tile'{'name':DUNGEON}}","{x:28,y:23,'map_tile'{'name':DUNGEON}}","{x:29,y:23,'map_tile'{'name':DUNGEON}}","{x:30,y:23,'map_tile'{'name':DUNGEON}}","{x:31,y:23,'map_tile'{'name':DUNGEON}}","{x:32,y:23,'map_tile'{'name':DUNGEON}}",,,,,,"{x:38,y:23,'map_tile'{'name':DUNGEON}}",,,,,,"{x:44,y:23,'map_tile'{'name':DUNGEON}}","{x:45,y:23,'map_tile'{'name':DUNGEON}}","{x:46,y:23,'map_tile'{'name':DUNGEON}}","{x:47,y:23,'map_tile'{'name':DUNGEON}}",,"{x:49,y:23,'map_tile'{'name':DUNGEON}}","{x:50,y:23,'map_tile'{'name':DUNGEON}}","{x:51,y:23,'map_tile'{'name':DUNGEON}}",,,,,,,,,,,,,,,,,,,,
"{x:0,y:22,'map_tile'{'name':WATER}}","{x:1,y:22,'map_tile'{'name':WATER}}","{x:2,y:22,'map_tile'{'name':WATER}}","{x:3,y:22,'map_tile'{'name':CAVE}}","{x:4,y:22,'map_tile'{'name':CAVE}}","{x:5,y:22,'map_tile'{'name':CAVE}}","{x:6,y:22,'map_tile'{'name':CAVE}}",,,,,,,,,,,,,"{x:19,y:22,'map_tile'{'name':DUNGEON}}",,,,,,,,"{x:27,y:22,'map_tile'{'name':DUNGEON}}","{x:28,y:22,'map_tile'{'name':DUNGEON}}","{x:29,y:22,'map_tile'{'name':DUNGEON}}","{x:30,y:22,'map_tile'{'name':DUNGEON}}","{x:31,y:22,'map_tile'{'name':DUNGEON}}","{x:32,y:22,'map_tile'{'name':DUNGEON}}",,,,,"{x:37,y:22,'map_tile'{'name':DUNGEON}}","{x:38,y:22,'map_tile'{'name':DUNGEON}}","{x:39,y:22,'map_tile'{'name':DUNGEON}}",,,,,,"{x:45,y:22,'map_tile'{'name':DUNGEON}}",,,,,"{x:50,y:22,'map_tile'{'name':DUNGEON}}",,,,,,,,,,,,,,,,,,,,,
,"{x:1,y:21,'map_tile'{'name':WATER}}","{x:2,y:21,'map_tile'{'name':WATER}}","{x:3,y:21,'map_tile'{'name':WATER}}","{x:4,y:21,'map_tile'{'name':CAVE}}","{x:5,y:21,'map_tile'{'name':CAVE}}","{x:6,y:21,'map_tile'{'name':CAVE}}",,,,,,,,,,,"{x:17,y:21,'map_tile'{'name':DUNGEON}}","{x:18,y:21,'map_tile'{'name':DUNGEON}}","{x:19,y:21,'map_tile'{'name':DUNGEON}}","{x:20,y:21,'map_tile'{'name':DUNGEON}}","{x:21,y:21,'map_tile'{'name':DUNGEON}}",,,,,,,,"{x:29,y:21,'map_tile'{'name':DUNGEON}}",,,,,,,,"{x:37,y:21,'map_tile'{'name':DUNGEON}}","{x:38,y:21,'map_tile'{'name':DUNGEON}}","{x:39,y:21,'map_tile'{'name':DUNGEON}}",,,,,,"{x:45,y:21,'map_tile'{'name':DUNGEON}}",,,,,"{x:50,y:21,'map_tile'{'name':DUNGEON}}",,,,,,,,,,,,,,,,,,,,,
,"{x:1,y:20,'map_tile'{'name':WATER}}","{x:2,y:20,'map_tile'{'name':WATER}}","{x:3,y:20,'map_tile'{'name':WATER}}","{x:4,y:20,'map_tile'{'name':CAVE}}","{x:5,y:20,'map_tile'{'name':CAVE}}","{x:6,y:20,'map_tile'{'name':CAVE}}",,,,,,,,,,,"{x:17,y:20,'map_tile'{'name':DUNGEON}}","{x:18,y:20,'map_tile'{'name':DUNGEON}}","{x:19,y:20,'map_tile'{'name':DUNGEON}}","{x:20,y:20,'map_tile'{'name':DUNGEON}}","{x:21,y:20,'map_tile'{'name':DUNGEON}}",,,,,,,,"{x:29,y:20,'map_tile'{'name':DUNGEON}}",,,,,,,,"{x:37,y:20,'map_tile'{'name':DUNGEON}}","{x:38,y:20,'map_tile'{'name':DUNGEON}}","{x:39,y:20,'map_tile'{'name':DUNGEON}}",,,,,,"{x:45,y:20,'map_tile'{'name':DUNGEON}}",,,,,"{x:50,y:20,'map_tile'{'name':DUNGEON}}",,,,,,,,,,,,,,,,,,,,,
,"{x:1,y:19,'map_tile'{'name':WATER}}","{x:2,y:19,'map_tile'{'name':WATER}}","{x:3,y:19,'map_tile'{'name':WATER}}","{x:4,y:19,'map_tile'{'name':CAVE}}","{x:5,y:19,'map_tile'{'name':CAVE}}","{x:6,y:19,'map_tile'{'name':CAVE}}",,,,,,,,,,,"{x:17,y:19,'map_tile'{'name':DUNGEON}}","{x:18,y:19,'map_tile'{'name':DUNGEON}}","{x:19,y:19,'map_tile'{'name':DUNGEON}}","{x:20,y:19,'map_tile'{'name':WATER}}","{x:21,y:19,'map_tile'{'name':WATER}}",,,,,,,,"{x:29,y:19,'map_tile'{'name':DUNGEON}}",,,,,,,,,,,,,,,,"{x:45,y:19,'map_tile'{'name':DUNGEON}}",,,,,"{x:50,y:19,'map_tile'{'name':DUNGEON}}",,,,,,,,,,,,,,,,,,,,,
,"{x:1,y:18,'map_tile'{'name':WATER}}","{x:2,y:18,'map_tile'{'name':WATER}}","{x:3,y:18,'map_tile'{'name':CAVE}}","{x:4,y:18,'map_tile'{'name':CAVE}}","{x:5,y:18,'map_tile'{'name':CAVE}}","{x:6,y:18,'map_tile'{'name':CAVE}}",,,,,"{x:11,y:18,'map_tile'{'name':CAVE}}","{x:12,y:18,'map_tile'{'name':CAVE}}","{x:13,y:18,'map_tile'{'name':CAVE}}",,,,"{x:17,y:18,'map_tile'{'name':DUNGEON}}","{x:18,y:18,'map_tile'{'name':DUNGEON}}","{x:19,y:18,'map_tile'{'name':WATER}}","{x:20,y:18,'map_tile'{'name':WATER}}","{x:21,y:18,'map_tile'{'name':WATER}}",,,,,,,,"{x:29,y:18,'map_tile'{'name':DUNGEON}}",,,,,,,,,,,,,"{x:42,y:18,'map_tile'{'name':DUNGEON}}","{x:43,y:18,'map_tile'{'name':DUNGEON}}","{x:44,y:18,'map_tile'{'name':DUNGEON}}","{x:45,y:18,'map_tile'{'name':DUNGEON}}","{x:46,y:18,'map_tile'{'name':DUNGEON}}","{x:47,y:18,'map_tile'{'name':DUNGEON}}",,,"{x:50,y:18,'map_tile'{'name':DUNGEON}}",,,,,,,,,,,,,,,,,,,,,
"{x:0,y:17,'map_tile'{'name':CAVE}}","{x:1,y:17,'map_tile'{'name':WATER}}","{x:2,y:17,'map_tile'{'name':WATER}}","{x:3,y:17,'map_tile'{'name':CAVE}}","{x:4,y:17,'map_tile'{'name':CAVE}}","{x:5,y:17,'map_tile'{'name':CAVE}}","{x:6,y:17,'map_tile'{'name':CAVE}}",,,,,"{x:11,y:17,'map_tile'{'name':CAVE}}","{x:12,y:17,'map_tile'{'name':CAVE}}","{x:13,y:17,'map_tile'{'name':CAVE}}",,,,"{x:17,y:17,'map_tile'{'name':WATER}}","{x:18,y:17,'map_tile'{'name':WATER}}","{x:19,y:17,'map_tile'{'name':WATER}}","{x:20,y:17,'map_tile'{'name':DUNGEON}}","{x:21,y:17,'map_tile'{'name':DUNGEON}}",,,,,,,,"{x:29,y:17,'map_tile'{'name':DUNGEON}}",,,,,,,,,,,,,"{x:42,y:17,'map_tile'{'name':DUNGEON}}","{x:43,y:17,'map_tile'{'name':DUNGEON}}","{x:44,y:17,'map_tile'{'name':DUNGEON}}","{x:45,y:17,'map_tile'{'name':DUNGEON}}","{x:46,y:17,'map_tile'{'name':DUNGEON}}","{x:47,y:17,'map_tile'{'name':DUNGEON}}",,,"{x:50,y:17,'map_tile'{'name':DUNGEON}}",,,,,,,,,,,,,,,,,,,,,
"{x:0,y:16,'map_tile'{'name':CAVE}}","{x:1,y:16,'map_tile'{'name':WATER}}","{x:2,y:16,'map_tile'{'name':CAVE}}","{x:3,y:16,'map_tile'{'name':CAVE}}","{x:4,y:16,'map_tile'{'name':CAVE}}","{x:5,y:16,'map_tile'{'name':CAVE}}","{x:6,y:16,'map_tile'{'name':CAVE}}",,,,"{x:10,y:16,'map_tile'{'name':CAVE}}","{x:11,y:16,'map_tile'{'name':CAVE}}","{x:12,y:16,'map_tile'{'name':CAVE}}","{x:13,y:16,'map_tile'{'name':CAVE}}",,,,"{x:17,y:16,'map_tile'{'name':WATER}}","{x:18,y:16,'map_tile'{'name':WATER}}","{x:19,y:16,'map_tile'{'name':DUNGEON}}","{x:20,y:16,'map_tile'{'name':DUNGEON}}","{x:21,y:16,'map_tile'{'name':DUNGEON}}",,,,,,,,"{x:29,y:16,'map_tile'{'name':DUNGEON}}",,,,,,,,,,,,,"{x:42,y:16,'map_tile'{'name':DUNGEON}}","{x:43,y:16,'map_tile'{'name':DUNGEON}}","{x:44,y:16,'map_tile'{'name':DUNGEON}}","{x:45,y:16,'map_tile'{'name':DUNGEON}}","{x:46,y:16,'map_tile'{'name':DUNGEON}}","{x:47,y:16,'map_tile'{'name':DUNGEON}}",,,"{x:50,y:16,'map_tile'{'name':DUNGEON}}",,,,,,,,,,,,,,,,,,,,,
"{x:0,y:15,'map_tile'{'name':CAVE}}","{x:1,y:15,'map_tile'{'name':WATER}}","{x:2,y:15,'map_tile'{'name':CAVE}}","{x:3,y:15,'map_tile'{'name':CAVE}}","{x:4,y:15,'map_tile'{'name':CAVE}}","{x:5,y:15,'map_tile'{'name':CAVE}}","{x:6,y:15,'map_tile'{'name':CAVE}}",,,,"{x:10,y:15,'map_tile'{'name':CAVE}}","{x:11,y:15,'map_tile'{'name':CAVE}}","{x:12,y:15,'map_tile'{'name':CAVE}}","{x:13,y:15,'map_tile'{'name':WATER}}",,,,"{x:17,y:15,'map_tile'{'name':DUNGEON}}","{x:18,y:15,'map_tile'{'name':DUNGEON}}","{x:19,y:15,'map_tile'{'name':DUNGEON}}","{x:20,y:15,'map_tile'{'name':DUNGEON}}","{x:21,y:15,'map_tile'{'name':DUNGEON}}",,,,,,,"{x:28,y:15,'map_tile'{'name':DUNGEON}}","{x:29,y:15,'map_tile'{'name':DUNGEON}}",,,,,,,,,,,,,"{x:42,y:15,'map_tile'{'name':DUNGEON}}","{x:43,y:15,'map_tile'{'name':DUNGEON}}","{x:44,y:15,'map_tile'{'name':DUNGEON}}","{x:45,y:15,'map_tile'{'name':DUNGEON}}","{x:46,y:15,'map_tile'{'name':DUNGEON}}","{x:47,y:15,'map_tile'{'name':DUNGEON}}",,,"{x:50,y:15,'map_tile'{'name':DUNGEON}}",,,,,,,,,,,,,,,,,,,,,
,,,"{x:3,y:14,'map_tile'{'name':CAVE}}","{x:4,y:14,'map_tile'{'name':CAVE}}","{x:5,y:14,'map_tile'{'name':CAVE}}",,,,,"{x:10,y:14,'map_tile'{'name':CAVE}}","{x:11,y:14,'map_tile'{'name':CAVE}}","{x:12,y:14,'map_tile'{'name':CAVE}}","{x:13,y:14,'map_tile'{'name':WATER}}","{x:14,y:14,'map_tile'{'name':WATER}}",,,"{x:17,y:14,'map_tile'{'name':DUNGEON}}","{x:18,y:14,'map_tile'{'name':DUNGEON}}","{x:19,y:14,'map_tile'{'name':DUNGEON}}","{x:20,y:14,'map_tile'{'name':DUNGEON}}","{x:21,y:14,'map_tile'{'name':DUNGEON}}",,,,,,"{x:27,y:14,'map_tile'{'name':DUNGEON}}","{x:28,y:14,'map_tile'{'name':DUNGEON}}","{x:29,y:14,'map_tile'{'name':DUNGEON}}","{x:30,y:14,'map_tile'{'name':DUNGEON}}","{x:31,y:14,'map_tile'{'name':DUNGEON}}","{x:32,y:14,'map_tile'{'name':DUNGEON}}","{x:33,y:14,'map_tile'{'name':DUNGEON}}","{x:34,y:14,'map_tile'{'name':DUNGEON}}","{x:35,y:14,'map_tile'{'name':DUNGEON}}","{x:36,y:14,'map_tile'{'name':DUNGEON}}","{x:37,y:14,'map_tile'{'name':DUNGEON}}","{x:38,y:14,'map_tile'{'name':DUNGEON}}","{x:39,y:14,'map_tile'{'name':DUNGEON}}","{x:40,y:14,'map_tile'{'name':DUNGEON}}","{x:41,y:14,'map_tile'{'name':DUNGEON}}","{x:42,y:14,'map_tile'{'name':DUNGEON}}","{x:43,y:14,'map_tile'{'name':DUNGEON}}","{x:44,y:14,'map_tile'{'name':DUNGEON}}","{x:45,y:14,'map_tile'{'name':DUNGEON}}","{x:46,y:14,'map_tile'{'name':DUNGEON}}","{x:47,y:14,'map_tile'{'name':DUNGEON}}",,,"{x:50,y:14,'map_tile'{'name':DUNGEON}}",,,,,,,,,,,,,,,,,,,,,
,,"{x:2,y:13,'map_tile'{'name':CAVE}}","{x:3,y:13,'map_tile'{'name':CAVE}}","{x:4,y:13,'map_tile'{'name':CAVE}}","{x:5,y:13,'map_tile'{'name':CAVE}}",,,,,"{x:10,y:13,'map_tile'{'name':CAVE}}","{x:11,y:13,'map_tile'{'name':CAVE}}","{x:12,y:13,'map_tile'{'name':CAVE}}","{x:13,y:13,'map_tile'{'name':WATER}}","{x:14,y:13,'map_tile'{'name':WATER}}",,,,"{x:18,y:13,'map_tile'{'name':DUNGEON}}",,,,,,,,,"{x:27,y:13,'map_tile'{'name':DUNGEON}}","{x:28,y:13,'map_tile'{'name':DUNGEON}}","{x:29,y:13,'map_tile'{'name':DUNGEON}}","{x:30,y:13,'map_tile'{'name':STAIRS}}",,,,,,,,,,,,,,,"{x:45,y:13,'map_tile'{'name':DUNGEON}}",,,,,"{x:50,y:13,'map_tile'{'name':DUNGEON}}",,,,,,,,,,,,,,,,,,,,,
,,"{x:2,y:12,'map_tile'{'name':CAVE}}",,,,,,,,"{x:10,y:12,'map_tile'{'name':CAVE}}","{x:11,y:12,'map_tile'{'name':CAVE}}","{x:12,y:12,'map_tile'{'name':WATER}}","{x:13,y:12,'map_tile'{'name':WATER}}","{x:14,y:12,'map_tile'{'name':CAVE}}",,,"{x:17,y:12,'map_tile'{'name':DUNGEON}}","{x:18,y:12,'map_tile'{'name':DUNGEON}}","{x:19,y:12,'map_tile'{'name':DUNGEON}}","{x:20,y:12,'map_tile'{'name':DUNGEON}}",,,,,,,,"{x:28,y:12,'map_tile'{'name':DUNGEON}}","{x:29,y:12,'map_tile'{'name':DUNGEON}}",,,,,,,,,,,,,,"{x:43,y:12,'map_tile'{'name':DUNGEON}}","{x:44,y:12,'map_tile'{'name':DUNGEON}}","{x:45,y:12,'map_tile'{'name':DUNGEON}}","{x:46,y:12,'map_tile'{'name':DUNGEON}}","{x:47,y:12,'map_tile'{'name':DUNGEON}}",,,"{x:50,y:12,'map_tile'{'name':DUNGEON}}",,,,,,,,,,,,,,,,,,,,,
,,"{x:2,y:11,'map_tile'{'name':CAVE}}",,,,,,,,"{x:10,y:11,'map_tile'{'name':CAVE}}","{x:11,y:11,'map_tile'{'name':CAVE}}","{x:12,y:11,'map_tile'{'name':WATER}}","{x:13,y:11,'map_tile'{'name':WATER}}","{x:14,y:11,'map_tile'{'name':CAVE}}",,,"{x:17,y:11,'map_tile'{'name':DUNGEON}}","{x:18,y:11,'map_tile'{'name':DUNGEON}}","{x:19,y:11,'map_tile'{'name':DUNGEON}}","{x:20,y:11,'map_tile'{'name':DUNGEON}}","{x:21,y:11,'map_tile'{'name':DUNGEON}}","{x:22,y:11,'map_tile'{'name':DUNGEON}}","{x:23,y:11,'map_tile'{'name':DUNGEON}}","{x:24,y:11,'map_tile'{'name':DUNGEON}}","{x:25,y:11,'map_tile'{'name':DUNGEON}}","{x:26,y:11,'map_tile'{'name':DUNGEON}}","{x:27,y:11,'map_tile'{'name':DUNGEON}}","{x:28,y:11,'map_tile'{'name':DUNGEON}}","{x:29,y:11,'map_tile'{'name':DUNGEON}}","{x:30,y:11,'map_tile'{'name':DUNGEON}}","{x:31,y:11,'map_tile'{'name':DUNGEON}}","{x:32,y:11,'map_tile'{'name':DUNGEON}}","{x:33,y:11,'map_tile'{'name':DUNGEON}}","{x:34,y:11,'map_tile'{'name':DUNGEON}}","{x:35,y:11,'map_tile'{'name':DUNGEON}}","{x:36,y:11,'map_tile'{'name':DUNGEON}}","{x:37,y:11,'map_tile'{'name':DUNGEON}}","{x:38,y:11,'map_tile'{'name':DUNGEON}}","{x:39,y:11,'map_tile'{'name':DUNGEON}}","{x:40,y:11,'map_tile'{'name':DUNGEON}}","{x:41,y:11,'map_tile'{'name':DUNGEON}}","{x:42,y:11,'map_tile'{'name':DUNGEON}}","{x:43,y:11,'map_tile'{'name':DUNGEON}}","{x:44,y:11,'map_tile'{'name':DUNGEON}}","{x:45,y:11,'map_tile'{'name':DUNGEON}}","{x:46,y:11,'map_tile'{'name':DUNGEON}}","{x:47,y:11,'map_tile'{'name':DUNGEON}}",,,"{x:50,y:11,'map_tile'{'name':DUNGEON}}",,,,,,,,,,,,,,,,,,,,,
,,"{x:2,y:10,'map_tile'{'name':CAVE}}","{x:3,y:10,'map_tile'{'name':CAVE}}",,,,,,,"{x:10,y:10,'map_tile'{'name':CAVE}}","{x:11,y:10,'map_tile'{'name':CAVE}}","{x:12,y:10,'map_tile'{'name':WATER}}","{x:13,y:10,'map_tile'{'name':WATER}}","{x:14,y:10,'map_tile'{'name':CAVE}}",,,"{x:17,y:10,'map_tile'{'name':DUNGEON}}","{x:18,y:10,'map_tile'{'name':DUNGEON}}","{x:19,y:10,'map_tile'{'name':DUNGEON}}","{x:20,y:10,'map_tile'{'name':DUNGEON}}",,,,,,,,,,,,,,,,,,,,,,,"{x:43,y:10,'map_tile'{'name':DUNGEON}}","{x:44,y:10,'map_tile'{'name':DUNGEON}}","{x:45,y:10,'map_tile'{'name':DUNGEON}}","{x:46,y:10,'map_tile'{'name':DUNGEON}}","{x:47,y:10,'map_tile'{'name':DUNGEON}}","{x:48,y:10,'map_tile'{'name':DUNGEON}}","{x:49,y:10,'map_tile'{'name':DUNGEON}}","{x:50,y:10,'map_tile'{'name':DUNGEON}}",,,,,,,,,,,,,,,,,,,,,
,,,"{x:3,y:9,'map_tile'{'name':CAVE}}","{x:4,y:9,'map_tile'{'name':CAVE}}",,,,,,"{x:10,y:9,'map_tile'{'name':CAVE}}","{x:11,y:9,'map_tile'{'name':CAVE}}","{x:12,y:9,'map_tile'{'name':WATER}}","{x:13,y:9,'map_tile'{'name':WATER}}","{x:14,y:9,'map_tile'{'name':CAVE}}",,,"{x:17,y:9,'map_tile'{'name':DUNGEON}}","{x:18,y:9,'map_tile'{'name':DUNGEON}}","{x:19,y:9,'map_tile'{'name':DUNGEON}}","{x:20,y:9,'map_tile'{'name':DUNGEON}}",,,,,,,,,,,,,,,,,,,,,,,"{x:43,y:9,'map_tile'{'name':DUNGEON}}","{x:44,y:9,'map_tile'{'name':DUNGEON}}","{x:45,y:9,'map_tile'{'name':DUNGEON}}","{x:46,y:9,'map_tile'{'name':DUNGEON}}","{x:47,y:9,'map_tile'{'name':DUNGEON}}",,,,,,,,,,,,,,,,,,,,,,,,
,,,,"{x:4,y:8,'map_tile'{'name':CAVE}}","{x:5,y:8,'map_tile'{'name':CAVE}}","{x:6,y:8,'map_tile'{'name':CAVE}}","{x:7,y:8,'map_tile'{'name':CAVE}}","{x:8,y:8,'map_tile'{'name':CAVE}}","{x:9,y:8,'map_tile'{'name':CAVE}}","{x:10,y:8,'map_tile'{'name':CAVE}}","{x:11,y:8,'map_tile'{'name':CAVE}}","{x:12,y:8,'map_tile'{'name':WATER}}","{x:13,y:8,'map_tile'{'name':WATER}}","{x:14,y:8,'map_tile'{'name':CAVE}}",,,"{x:17,y:8,'map_tile'{'name':DUNGEON}}","{x:18,y:8,'map_tile'{'name':DUNGEON}}","{x:19,y:8,'map_tile'{'name':DUNGEON}}","{x:20,y:8,'map_tile'{'name':DUNGEON}}",,,,,,,,,,,,,,,,,,,,,,,"{x:43,y:8,'map_tile'{'name':DUNGEON}}","{x:44,y:8,'map_tile'{'name':DUNGEON}}","{x:45,y:8,'map_tile'{'name':DUNGEON}}","{x:46,y:8,'map_tile'{'name':DUNGEON}}","{x:47,y:8,'map_tile'{'name':DUNGEON}}",,,,,,,,,,,,,,,,,,,,,,,,
,,,,,,,"{x:7,y:7,'map_tile'{'name':CAVE}}",,,,"{x:11,y:7,'map_tile'{'name':WATER}}","{x:12,y:7,'map_tile'{'name':WATER}}","{x:13,y:7,'map_tile'{'name':CAVE}}",,,,"{x:17,y:7,'map_tile'{'name':DUNGEON}}","{x:18,y:7,'map_tile'{'name':DUNGEON}}","{x:19,y:7,'map_tile'{'name':DUNGEON}}","{x:20,y:7,'map_tile'{'name':DUNGEON}}",,,,,,,,,,,,,,,,,,,,,,,,,,,,,,,,,,,,,,,,,,,,,,,,,,,
,,,,,,,"{x:7,y:6,'map_tile'{'name':CAVE}}",,,,"{x:11,y:6,'map_tile'{'name':WATER}}","{x:12,y:6,'map_tile'{'name':WATER}}","{x:13,y:6,'map_tile'{'name':CAVE}}",,,,"{x:17,y:6,'map_tile'{'name':DUNGEON}}","{x:18,y:6,'map_tile'{'name':DUNGEON}}","{x:19,y:6,'map_tile'{'name':DUNGEON}}","{x:20,y:6,'map_tile'{'name':DUNGEON}}",,,,,,,,,,,,,,,,,,,,,,,,,,,,,,,,,,,,,,,,,,,,,,,,,,,
,,,,,"{x:5,y:5,'map_tile'{'name':CAVE}}","{x:6,y:5,'map_tile'{'name':CAVE}}","{x:7,y:5,'map_tile'{'name':CAVE}}","{x:8,y:5,'map_tile'{'name':CAVE}}",,,"{x:11,y:5,'map_tile'{'name':CAVE}}","{x:12,y:5,'map_tile'{'name':CAVE}}","{x:13,y:5,'map_tile'{'name':CAVE}}",,,,"{x:17,y:5,'map_tile'{'name':DUNGEON}}","{x:18,y:5,'map_tile'{'name':DUNGEON}}","{x:19,y:5,'map_tile'{'name':DUNGEON}}","{x:20,y:5,'map_tile'{'name':DUNGEON}}",,,,,,,,,,,,,,,,,,,,,,,,,,,,,,,,,,,,,,,,,,,,,,,,,,,
,,,,"{x:4,y:4,'map_tile'{'name':CAVE}}","{x:5,y:4,'map_tile'{'name':CAVE}}","{x:6,y:4,'map_tile'{'name':CAVE}}","{x:7,y:4,'map_tile'{'name':CAVE}}","{x:8,y:4,'map_tile'{'name':WATER}}",,,,,,,,,"{x:17,y:4,'map_tile'{'name':DUNGEON}}","{x:18,y:4,'map_tile'{'name':DUNGEON}}","{x:19,y:4,'map_tile'{'name':DUNGEON}}","{x:20,y:4,'map_tile'{'name':DUNGEON}}",,,,,,,,,,,,,,,,,,,,,,,,,,,,,,,,,,,,,,,,,,,,,,,,,,,
,,,,"{x:4,y:3,'map_tile'{'name':WATER}}","{x:5,y:3,'map_tile'{'name':WATER}}","{x:6,y:3,'map_tile'{'name':WATER}}","{x:7,y:3,'map_tile'{'name':WATER}}","{x:8,y:3,'map_tile'{'name':WATER}}","{x:9,y:3,'map_tile'{'name':WATER}}",,,,,,,,,"{x:18,y:3,'map_tile'{'name':CAVE}}",,,,,,,,,,,,,,,,,,,,,,,,,,,,,,,,,,,,,,,,,,,,,,,,,,,,,
,,,,"{x:4,y:2,'map_tile'{'name':WATER}}","{x:5,y:2,'map_tile'{'name':WATER}}","{x:6,y:2,'map_tile'{'name':WATER}}","{x:7,y:2,'map_tile'{'name':WATER}}","{x:8,y:2,'map_tile'{'name':CAVE}}","{x:9,y:2,'map_tile'{'name':CAVE}}","{x:10,y:2,'map_tile'{'name':CAVE}}","{x:11,y:2,'map_tile'{'name':CAVE}}","{x:12,y:2,'map_tile'{'name':CAVE}}","{x:13,y:2,'map_tile'{'name':CAVE}}","{x:14,y:2,'map_tile'{'name':CAVE}}","{x:15,y:2,'map_tile'{'name':CAVE}}","{x:16,y:2,'map_tile'{'name':CAVE}}","{x:17,y:2,'map_tile'{'name':CAVE}}","{x:18,y:2,'map_tile'{'name':CAVE}}",,,,,,,,,,,,,,,,,,,,,,,,,,,,,,,,,,,,,,,,,,,,,,,,,,,,,
,,,,"{x:4,y:1,'map_tile'{'name':CAVE}}","{x:5,y:1,'map_tile'{'name':CAVE}}","{x:6,y:1,'map_tile'{'name':CAVE}}","{x:7,y:1,'map_tile'{'name':CAVE}}","{x:8,y:1,'map_tile'{'name':CAVE}}","{x:9,y:1,'map_tile'{'name':CAVE}}",,,,,,,,,,,,,,,,,,,,,,,,,,,,,,,,,,,,,,,,,,,,,,,,,,,,,,,,,,,,,,
,,,,,"{x:5,y:0,'map_tile'{'name':CAVE}}","{x:6,y:0,'map_tile'{'name':CAVE}}","{x:7,y:0,'map_tile'{'name':CAVE}}","{x:8,y:0,'map_tile'{'name':CAVE}}",,,,,,,,,,,,,,,,,,,,,,,,,,,,,,,,,,,,,,,,,,,,,,,,,,,,,,,,,,,,,,,
,,,,,,,,,,,,,,,,,,,,,,,,,,,,,,,,,,,,,,,,,,,,,,,,,,,,,,,,,,,,,,,,,,,,,,,
